ID,Nom,Prénom,Email,Matière,Note
1,elmaaiti,hind,hind.elma@example.com,Mathématiques,15.0
3,Durand,Claire,claire.durand@example.com,Chimie,16.5
4,Leroy,David,david.leroy@example.com,Biologie,12.0
5,Rousseau,Emma,emma.rousseau@example.com,Informatique,17.5
6,Moreau,Fabien,fabien.moreau@example.com,Anglais,13.5
7,Petit,Gabrielle,gabrielle.petit@example.com,Économie,15.0
8,Robert,Hugo,hugo.robert@example.com,Histoire,14.5
9,Richard,Isabelle,isabelle.richard@example.com,Géographie,16.0
10,Garcia,Julien,julien.garcia@example.com,Littérature,15.5
11,Morel,Karine,karine.morel@example.com,Mathématiques,13.0
12,Faure,Laurent,laurent.faure@example.com,Physique,14.0
13,Mercier,Marine,marine.mercier@example.com,Chimie,17.0
14,Blanc,Nicolas,nicolas.blanc@example.com,Biologie,12.5
15,Lopez,Olivia,olivia.lopez@example.com,Informatique,18.0
16,Lefebvre,Pierre,pierre.lefebvre@example.com,Anglais,16.0
17,Simon,Quentin,quentin.simon@example.com,Économie,15.0
18,Michel,Rachel,rachel.michel@example.com,Histoire,14.0
19,Laurent,Samuel,samuel.laurent@example.com,Géographie,15.5
20,Garcia,Théo,theo.garcia@example.com,Littérature,17.0
21,Roux,Ursula,ursula.roux@example.com,Mathématiques,13.5
22,Perrin,Victor,victor.perrin@example.com,Physique,16.5
23,Mathieu,Wendy,wendy.mathieu@example.com,Chimie,14.0
24,Noel,Xavier,xavier.noel@example.com,Biologie,15.0
25,Gauthier,Yasmine,yasmine.gauthier@example.com,Informatique,17.5
26,Marchand,Zacharie,zacharie.marchand@example.com,Anglais,12.5
27,Robin,Amandine,amandine.robin@example.com,Économie,16.0
28,Brun,Benoît,benoit.brun@example.com,Histoire,15.5
29,Guerin,Camille,camille.guerin@example.com,Géographie,14.0
30,Lopez,Damien,damien.lopez@example.com,Littérature,16.5
31,Durand,Élise,elise.durand@example.com,Mathématiques,15.0
32,Petit,Félix,felix.petit@example.com,Physique,14.5
33,Martin,Gaëlle,gaelle.martin@example.com,Chimie,16.0
34,Garcia,Hugo,hugo.garcia@example.com,Biologie,13.5
35,Laurent,Inès,ines.laurent@example.com,Informatique,17.0
36,Moreau,Jérémy,jeremy.moreau@example.com,Anglais,15.0
37,Lefevre,Karima,karima.lefevre@example.com,Économie,16.5
38,Simon,Léo,leo.simon@example.com,Histoire,14.0
39,Bernard,Manon,manon.bernard@example.com,Géographie,15.5
40,Dubois,Nathan,nathan.dubois@example.com,Littérature,16.0
41,khadiri,hind,kahdiri.hind@example.com,Littérature,16.0
42,kamassa,soulaimane,soulim@gmail.com,maths,12.0
43,elmaaiti,hassan,hassan@gmail.com,maths,12.0
44,draoui,houda,houda@gmail.com,pc,18.0
